{
  "leng": {
    "plg": 39.3701,
    "pie": 3.28084,
    "yd": 1.09361,
    "milla": 0.0006213712,
    "milla n": 0.000539957,
    "mm": 1000,
    "cm": 100,
    "m": 1,
    "km": 0.001
  },
  "area": {
    "plg2": 1550,
    "pie2": 10.76,
    "yd2": 1.196,
    "cm2": 10000,
    "dm2": 100,
    "m2": 1,
    "ha": 0.0001
  },
  "volumen": {
    "plg3": 61.023,
    "pie3": 0.03531,
    "cm3": 1000,
    "ml": 1000,
    "lt": 1,
    "dm3": 1,
    "m3": 0.001
  },
  "time": {
    "dia": 1,
    "hora": 24,
    "min": 1440,
    "seg": 86400,
    "sem": 0.143
  }
}
